,id,score
0,heather,0.3156903558330855
0,grass,0.2921272057397712
