,Metric,id
0,0.98,Constant
1,0.98,Constant
2,0.98,Constant
3,0.98,Constant
4,0.98,Constant
5,0.98,Constant
6,0.98,Constant
7,0.98,Constant
8,0.98,Constant
9,0.98,Constant
10,2.1913466179497916,Jagged
11,2.1913466179497916,Jagged
12,2.1913466179497916,Jagged
13,2.1913466179497916,Jagged
14,2.1913466179497916,Jagged
15,2.1913466179497916,Jagged
16,2.1913466179497916,Jagged
17,2.1913466179497916,Jagged
18,2.1913466179497916,Jagged
19,2.1913466179497916,Jagged
